feature,corr_with_churn,u_stat,p_value,rank_biserial,effect_size_label,churn_q1_pct,churn_q4_pct,q4_minus_q1_pct
Customer_Service_Calls,0.29038437273776785,353950073.0,0.0,0.37804864925369497,Medium,13.785336186507491,45.79870729455217,32.01337110804468
Returns_Rate,0.051121554679628436,278968534.0,1.0831470374985097e-51,0.08611988183707342,Negligible,25.453545904343045,33.28515217216735,7.831606267824306
